{
  "B_Item_Weapon_SwordExample01": {
    "class": "B_Item_Weapon_SwordExample01_C",
    "StaticMesh": {
      "mesh": "SM_ExampleSword01",
      "location": {
        "x": -2.842170943040401e-14,
        "y": -8.634133296615484e-07,
        "z": 36.49442056137028
      },
      "rotation": {
        "pitch": 0.0,
        "yaw": 0.0,
        "roll": 179.9999986056543
      }
    }
  },
  "B_Item_Weapon_Greatsword": {
    "class": "B_Item_Weapon_Greatsword_C",
    "StaticMesh": {
      "mesh": "SM_Greatsword",
      "location": {
        "x": 2.2303051928433817,
        "y": 0.0,
        "z": -2.716989641271539e-06
      },
      "rotation": {
        "pitch": -0.8985376822392073,
        "yaw": -65.85131259345019,
        "roll": -4.45083382958106
      }
    }
  },
  "B_Item_Weapon_Katana": {
    "class": "B_Item_Weapon_Katana_C",
    "StaticMesh": {
      "mesh": "SM_Katana",
      "location": {
        "x": 2.7144818608953874e-12,
        "y": 1.3721270946190358e-06,
        "z": -1.6439001851942407
      },
      "rotation": {
        "pitch": 0.0,
        "yaw": -103.24034523326178,
        "roll": 0.0
      }
    }
  },
  "B_Item_Weapon_Shield": {
    "class": "B_Item_Weapon_Shield_C",
    "StaticMesh": {
      "mesh": "SM_Shield",
      "location": {
        "x": 2.7569058147491887e-12,
        "y": -3.2270420778808513e-07,
        "z": 0.22653895153354076
      },
      "rotation": {
        "pitch": 0.0,
        "yaw": 0.0,
        "roll": -359.9999972113078
      }
    }
  }
}